,0,1,2,3,4,5,6,7,8,9,10,11,12,13,14,15,16,17,18,19,20,21,22,23,24,25,26,27,28,29,30,31,32,33,34,35,36,37,38,39,40,41,42,43,44,45,46,47,48,49,50,51,52,53,54,55,56,57,58,59,60,61,62,63,64,65,66,67,68,69,70,71,72,73,74,75,76,77,78,79,80,81,82,83,84,85,86,87,88,89,90,91,92,93,94,95,96,97,98,99,100,101,102,103,104,105,106,107,108,109,110,111,112,113,114,115,116,117,118,119,120,121,122,123,124,125,126,127,128,129,130,131,132,133,134,135,136,137,138,139,140,141,142,143,144,145,146,147,148,149,150,151,152,153,154,155,156,157,158,159,160,161,162,163,164,165,166,167,168,169,170,171,172,173,174,175,176,177,178,179,180,181,182,183,184,185,186,187,188,189,190,191,192,193,194,195,196,197,198,199,200,201
0,Чек,КАССОВЫЙ ЧЕК,ПРИХОД,ИНН 2310031475,"350072, Краснодарский край, Краснодар г, им. 40-летия Победы ул, дом № 34",Магазин  Магнит  Лимитация,29.07.2022 13:16,N: 285,СМЕНА: 10,КАССИР Продавец Царева,НАИМ. ПР.,КОЛИЧ. ПР.,Ц. ЗА ЕД. ПР.,СУММА ПР.,"Круассан с варен сгущ 0,075кг п/уп (Краснодар",1,15.99,15.99,НДС 10%,ПРИЗНАК ПР. РАСЧЕТА,ТОВАР,СПОСОБ РАСЧЕТА,ПОЛНЫЙ РАСЧЕТ,МЕРА КОЛИЧЕСТВА ПР. РАСЧЕТА,шт. или ед.,КОД ТОВАРА,4607104244635,Слойка с малиной 70г в/с п/уп(Краснодарский Х,1,16.99,16.99,НДС 10%,ПРИЗНАК ПР. РАСЧЕТА,ТОВАР,СПОСОБ РАСЧЕТА,ПОЛНЫЙ РАСЧЕТ,МЕРА КОЛИЧЕСТВА ПР. РАСЧЕТА,шт. или ед.,КОД ТОВАРА,4607104244413,РОЯЛС Деми Классик Сигареты МРЦ125(БАТ):,1,125.00,125.00,НДС 20%,ПРИЗНАК ПР. РАСЧЕТА,АТМ,СПОСОБ РАСЧЕТА,ПОЛНЫЙ РАСЧЕТ,РЕЗ. ПРОВ. СВЕД. О ТОВАРЕ,М+,МЕРА КОЛИЧЕСТВА ПР. РАСЧЕТА,шт. или ед.,КОД ТОВАРА,0100000046233394218yeAw+b,ИТОГО:,157.98,НАЛИЧНЫМИ:,0.00,БЕЗНАЛИЧНЫМИ:,157.98,НДС 20%:,20.83,НДС 10%:,2.99,ОСН,N ККТ:,0003791774047215,N ФД:,6277,N ФН:,9960440302393482,ФП,3627132660,ЭЛ.АДР.ОТПРАВИТЕЛЯ:,ofd@magnit.ru,ЭЛ.АДР.ПОКУПАТЕЛЯ:,s4fin.dmitry@yandex.ru,"АО ""Тандер""",САЙТ ФНС:,www.nalog.gov.ru,Версия ФФД:,1.2,,,,,,,,,,,,,,,,,,,,,,,,,,,,,,,,,,,,,,,,,,,,,,,,,,,,,,,,,,,,,,,,,,,,,,,,,,,,,,,,,,,,,,,,,,,,,,,,,,,,,,,,,,,,,,,,,,,,,,,
1,Чек,КАССОВЫЙ ЧЕК,ПРИХОД,ИНН 2310031475,"350000, Краснодарский край, Краснодар г, Северная ул, дом № 116",Магазин  Магнит  Парабола,29.07.2022 16:43,N: 474,СМЕНА: 17,КАССИР Продавец Свищева,НАИМ. ПР.,КОЛИЧ. ПР.,Ц. ЗА ЕД. ПР.,СУММА ПР.,АРБУЗ 1кг,7.015,19.99,140.23,НДС 10%,ПРИЗНАК ПР. РАСЧЕТА,ТОВАР,СПОСОБ РАСЧЕТА,ПОЛНЫЙ РАСЧЕТ,МЕРА КОЛИЧЕСТВА ПР. РАСЧЕТА,кг,Пакет-майка Магнит,1,6.99,6.99,НДС 20%,ПРИЗНАК ПР. РАСЧЕТА,ТОВАР,СПОСОБ РАСЧЕТА,ПОЛНЫЙ РАСЧЕТ,МЕРА КОЛИЧЕСТВА ПР. РАСЧЕТА,шт. или ед.,"Батон ЛЕТНИЙ ДАР нарез в/с 0,35кг п/уп(Хлебоз",1,44.99,44.99,НДС 10%,ПРИЗНАК ПР. РАСЧЕТА,ТОВАР,СПОСОБ РАСЧЕТА,ПОЛНЫЙ РАСЧЕТ,МЕРА КОЛИЧЕСТВА ПР. РАСЧЕТА,шт. или ед.,КОД ТОВАРА,4607104242112,"Молоко паст 2,5% 0,9л ф/п (Агрокомплекс)",1,56.99,56.99,НДС 10%,ПРИЗНАК ПР. РАСЧЕТА,ТМ,СПОСОБ РАСЧЕТА,ПОЛНЫЙ РАСЧЕТ,РЕЗ. ПРОВ. СВЕД. О ТОВАРЕ,М+,МЕРА КОЛИЧЕСТВА ПР. РАСЧЕТА,шт. или ед.,КОД ТОВАРА,0104607070047674215H:<9p,ИТОГО:,249.20,НАЛИЧНЫМИ:,0.00,БЕЗНАЛИЧНЫМИ:,249.20,НДС 20%:,1.17,НДС 10%:,22.02,ОСН,N ККТ:,0002728757053750,N ФД:,10097,N ФН:,9960440302394074,ФП,1893157708,ЭЛ.АДР.ОТПРАВИТЕЛЯ:,ofd@magnit.ru,ЭЛ.АДР.ПОКУПАТЕЛЯ:,s4fin.dmitry@yandex.ru,"АО ""Тандер""",САЙТ ФНС:,www.nalog.gov.ru,Версия ФФД:,1.2,,,,,,,,,,,,,,,,,,,,,,,,,,,,,,,,,,,,,,,,,,,,,,,,,,,,,,,,,,,,,,,,,,,,,,,,,,,,,,,,,,,,,,,,,,,,,,,,,,,,,,,,,,,,,,
2,Чек,КАССОВЫЙ ЧЕК,ПРИХОД,ИНН 2310031475,"350000, Краснодарский край, Краснодар г, Северная ул, дом № 116",Магазин  Магнит  Парабола,31.07.2022 13:43,N: 125,СМЕНА: 182,КАССИР Товаровед магазина Данько,НАИМ. ПР.,КОЛИЧ. ПР.,Ц. ЗА ЕД. ПР.,СУММА ПР.,АРБУЗ 1кг,3.662,10.34,37.87,НДС 10%,ПРИЗНАК ПР. РАСЧЕТА,ТОВАР,СПОСОБ РАСЧЕТА,ПОЛНЫЙ РАСЧЕТ,МЕРА КОЛИЧЕСТВА ПР. РАСЧЕТА,кг,АРБУЗ 1кг,2,10.33,20.66,НДС 10%,ПРИЗНАК ПР. РАСЧЕТА,ТОВАР,СПОСОБ РАСЧЕТА,ПОЛНЫЙ РАСЧЕТ,МЕРА КОЛИЧЕСТВА ПР. РАСЧЕТА,кг,ИТОГО:,58.53,НАЛИЧНЫМИ:,0.00,БЕЗНАЛИЧНЫМИ:,58.53,НДС 10%:,5.32,ОСН,N ККТ:,0005060741054680,N ФД:,66994,N ФН:,9960440301655098,ФП,1096355364,ЭЛ.АДР.ОТПРАВИТЕЛЯ:,ofd@magnit.ru,ЭЛ.АДР.ПОКУПАТЕЛЯ:,s4fin.dmitry@yandex.ru,"Акционерное общество ""Тандер""",САЙТ ФНС:,www.nalog.gov.ru,Версия ФФД:,1.2,,,,,,,,,,,,,,,,,,,,,,,,,,,,,,,,,,,,,,,,,,,,,,,,,,,,,,,,,,,,,,,,,,,,,,,,,,,,,,,,,,,,,,,,,,,,,,,,,,,,,,,,,,,,,,,,,,,,,,,,,,,,,,,,,,,,,,,,,,,,
3,Чек,КАССОВЫЙ ЧЕК,ПРИХОД,ИНН 2310031475,"350000, Краснодарский край, Краснодар г, Северная ул, дом № 116",Магазин  Магнит  Парабола,31.07.2022 13:46,N: 152,СМЕНА: 179,КАССИР Товаровед магазина Данько,НАИМ. ПР.,КОЛИЧ. ПР.,Ц. ЗА ЕД. ПР.,СУММА ПР.,МАГНИТ Томатная паста 70г сашет:30,1,22.99,22.99,НДС 20%,ПРИЗНАК ПР. РАСЧЕТА,ТОВАР,СПОСОБ РАСЧЕТА,ПОЛНЫЙ РАСЧЕТ,МЕРА КОЛИЧЕСТВА ПР. РАСЧЕТА,шт. или ед.,КОД ТОВАРА,2010003165451,ИТОГО:,22.99,НАЛИЧНЫМИ:,0.00,БЕЗНАЛИЧНЫМИ:,22.99,НДС 20%:,3.83,ОСН,N ККТ:,0005061237042668,N ФД:,47739,N ФН:,9960440301655107,ФП,2120832896,ЭЛ.АДР.ОТПРАВИТЕЛЯ:,ofd@magnit.ru,ЭЛ.АДР.ПОКУПАТЕЛЯ:,s4fin.dmitry@yandex.ru,"Акционерное общество ""Тандер""",САЙТ ФНС:,www.nalog.gov.ru,Версия ФФД:,1.2,,,,,,,,,,,,,,,,,,,,,,,,,,,,,,,,,,,,,,,,,,,,,,,,,,,,,,,,,,,,,,,,,,,,,,,,,,,,,,,,,,,,,,,,,,,,,,,,,,,,,,,,,,,,,,,,,,,,,,,,,,,,,,,,,,,,,,,,,,,,,,,,,,,,,
4,Чек,КАССОВЫЙ ЧЕК,ПРИХОД,ИНН 2310031475,"350000, Краснодарский край, Краснодар г, Северная ул, дом № 116",Магазин  Магнит  Парабола,31.07.2022 19:35,N: 232,СМЕНА: 179,КАССИР Товаровед магазина Данько,НАИМ. ПР.,КОЛИЧ. ПР.,Ц. ЗА ЕД. ПР.,СУММА ПР.,"Бренди КВС ТМ КРЫМСКИЙ СТАТУС 40% 0,25л(Зав.П",1,179.99,179.99,НДС 20%,ПРИЗНАК ПР. РАСЧЕТА,ПОДАКЦИЗНЫЙ ТОВАР,СПОСОБ РАСЧЕТА,ПОЛНЫЙ РАСЧЕТ,МЕРА КОЛИЧЕСТВА ПР. РАСЧЕТА,шт. или ед.,КОД ТОВАРА,19830448765248,ИТОГО:,179.99,НАЛИЧНЫМИ:,0.00,БЕЗНАЛИЧНЫМИ:,179.99,НДС 20%:,30.00,ОСН,N ККТ:,0005061237042668,N ФД:,47819,N ФН:,9960440301655107,ФП,2965360212,ЭЛ.АДР.ОТПРАВИТЕЛЯ:,ofd@magnit.ru,ЭЛ.АДР.ПОКУПАТЕЛЯ:,s4fin.dmitry@yandex.ru,"Акционерное общество ""Тандер""",САЙТ ФНС:,www.nalog.gov.ru,Версия ФФД:,1.2,,,,,,,,,,,,,,,,,,,,,,,,,,,,,,,,,,,,,,,,,,,,,,,,,,,,,,,,,,,,,,,,,,,,,,,,,,,,,,,,,,,,,,,,,,,,,,,,,,,,,,,,,,,,,,,,,,,,,,,,,,,,,,,,,,,,,,,,,,,,,,,,,,,,,
5,Чек,КАССОВЫЙ ЧЕК,ПРИХОД,ИНН 2310031475,"350000, Краснодарский край, Краснодар г, Северная ул, дом № 116",Магазин  Магнит  Парабола,02.08.2022 18:43,N: 312,СМЕНА: 185,КАССИР Продавец Цангариди,НАИМ. ПР.,КОЛИЧ. ПР.,Ц. ЗА ЕД. ПР.,СУММА ПР.,"Батон ЛЕТНИЙ ДАР нарез в/с 0,35кг п/уп(Хлебоз",1,44.99,44.99,НДС 10%,ПРИЗНАК ПР. РАСЧЕТА,ТОВАР,СПОСОБ РАСЧЕТА,ПОЛНЫЙ РАСЧЕТ,МЕРА КОЛИЧЕСТВА ПР. РАСЧЕТА,шт. или ед.,КОД ТОВАРА,4607104242112,ИТОГО:,44.99,НАЛИЧНЫМИ:,0.00,БЕЗНАЛИЧНЫМИ:,44.99,НДС 10%:,4.09,ОСН,N ККТ:,0005060741054680,N ФД:,67920,N ФН:,9960440301655098,ФП,1855302936,ЭЛ.АДР.ОТПРАВИТЕЛЯ:,ofd@magnit.ru,ЭЛ.АДР.ПОКУПАТЕЛЯ:,s4fin.dmitry@yandex.ru,"Акционерное общество ""Тандер""",САЙТ ФНС:,www.nalog.gov.ru,Версия ФФД:,1.2,,,,,,,,,,,,,,,,,,,,,,,,,,,,,,,,,,,,,,,,,,,,,,,,,,,,,,,,,,,,,,,,,,,,,,,,,,,,,,,,,,,,,,,,,,,,,,,,,,,,,,,,,,,,,,,,,,,,,,,,,,,,,,,,,,,,,,,,,,,,,,,,,,,,,
6,Чек,КАССОВЫЙ ЧЕК,ПРИХОД,ИНН 2310031475,"350000, Краснодарский край, Краснодар г, Северная ул, дом № 116",Магазин  Магнит  Парабола,03.08.2022 18:50,N: 456,СМЕНА: 23,КАССИР Продавец Свищева,НАИМ. ПР.,КОЛИЧ. ПР.,Ц. ЗА ЕД. ПР.,СУММА ПР.,"КУБАН МОЛОЧНИК Сметана 20% 0,18кг батон",1,41.99,41.99,НДС 10%,ПРИЗНАК ПР. РАСЧЕТА,ТМ,СПОСОБ РАСЧЕТА,ПОЛНЫЙ РАСЧЕТ,РЕЗ. ПРОВ. СВЕД. О ТОВАРЕ,М+,МЕРА КОЛИЧЕСТВА ПР. РАСЧЕТА,шт. или ед.,КОД ТОВАРА,"0104640009492527215S!""Rt","Бренди КРЫМСКИЙ СТАТУС 40% 0,5л (КВС):6",1,349.99,349.99,НДС 20%,ПРИЗНАК ПР. РАСЧЕТА,ПОДАКЦИЗНЫЙ ТОВАР,СПОСОБ РАСЧЕТА,ПОЛНЫЙ РАСЧЕТ,МЕРА КОЛИЧЕСТВА ПР. РАСЧЕТА,шт. или ед.,КОД ТОВАРА,18730734642767,ИТОГО:,391.98,НАЛИЧНЫМИ:,0.00,БЕЗНАЛИЧНЫМИ:,391.98,НДС 20%:,58.33,НДС 10%:,3.82,ОСН,N ККТ:,0002728757053750,N ФД:,13078,N ФН:,9960440302394074,ФП,3915145040,ЭЛ.АДР.ОТПРАВИТЕЛЯ:,ofd@magnit.ru,ЭЛ.АДР.ПОКУПАТЕЛЯ:,s4fin.dmitry@yandex.ru,"АО ""Тандер""",САЙТ ФНС:,www.nalog.gov.ru,Версия ФФД:,1.2,,,,,,,,,,,,,,,,,,,,,,,,,,,,,,,,,,,,,,,,,,,,,,,,,,,,,,,,,,,,,,,,,,,,,,,,,,,,,,,,,,,,,,,,,,,,,,,,,,,,,,,,,,,,,,,,,,,,,,,,,,,,,,,,,,,,
7,Чек,КАССОВЫЙ ЧЕК,ПРИХОД,ИНН 2310031475,"350000, Краснодарский край, Краснодар г, Северная ул, дом № 116",Магазин  Магнит  Парабола,04.08.2022 18:43,N: 433,СМЕНА: 187,КАССИР Товаровед магазина Данько,НАИМ. ПР.,КОЛИЧ. ПР.,Ц. ЗА ЕД. ПР.,СУММА ПР.,АРБУЗ 1кг,9.425,18.59,175.21,НДС 10%,ПРИЗНАК ПР. РАСЧЕТА,ТОВАР,СПОСОБ РАСЧЕТА,ПОЛНЫЙ РАСЧЕТ,МЕРА КОЛИЧЕСТВА ПР. РАСЧЕТА,кг,Пакет-майка Магнит,1,6.99,6.99,НДС 20%,ПРИЗНАК ПР. РАСЧЕТА,ТОВАР,СПОСОБ РАСЧЕТА,ПОЛНЫЙ РАСЧЕТ,МЕРА КОЛИЧЕСТВА ПР. РАСЧЕТА,шт. или ед.,ИТОГО:,182.00,НАЛИЧНЫМИ:,182.00,БЕЗНАЛИЧНЫМИ:,0.00,НДС 20%:,1.17,НДС 10%:,15.93,ОСН,N ККТ:,0005060741054680,N ФД:,69121,N ФН:,9960440301655098,ФП,2189407624,ЭЛ.АДР.ОТПРАВИТЕЛЯ:,ofd@magnit.ru,ЭЛ.АДР.ПОКУПАТЕЛЯ:,s4fin.dmitry@yandex.ru,"Акционерное общество ""Тандер""",САЙТ ФНС:,www.nalog.gov.ru,Версия ФФД:,1.2,,,,,,,,,,,,,,,,,,,,,,,,,,,,,,,,,,,,,,,,,,,,,,,,,,,,,,,,,,,,,,,,,,,,,,,,,,,,,,,,,,,,,,,,,,,,,,,,,,,,,,,,,,,,,,,,,,,,,,,,,,,,,,,,,,,,,,,,,,
8,Чек,КАССОВЫЙ ЧЕК,ПРИХОД,ИНН 2310031475,"350072, Краснодарский край, Краснодар г, им. 40-летия Победы ул, дом № 34",Магазин  Магнит  Лимитация,05.08.2022 13:17,N: 335,СМЕНА: 18,КАССИР Продавец Царева,НАИМ. ПР.,КОЛИЧ. ПР.,Ц. ЗА ЕД. ПР.,СУММА ПР.,"Слойка с вишней 0,07 кг п/уп(Краснодарский ХЗ",1,29.99,29.99,НДС 10%,ПРИЗНАК ПР. РАСЧЕТА,ТОВАР,СПОСОБ РАСЧЕТА,ПОЛНЫЙ РАСЧЕТ,МЕРА КОЛИЧЕСТВА ПР. РАСЧЕТА,шт. или ед.,КОД ТОВАРА,4607104244611,"Круассан с варен сгущ 0,075кг п/уп (Краснодар",1,30.99,30.99,НДС 10%,ПРИЗНАК ПР. РАСЧЕТА,ТОВАР,СПОСОБ РАСЧЕТА,ПОЛНЫЙ РАСЧЕТ,МЕРА КОЛИЧЕСТВА ПР. РАСЧЕТА,шт. или ед.,КОД ТОВАРА,4607104244635,БАНАНЫ 1кг,0.186,75.99,14.13,НДС 20%,ПРИЗНАК ПР. РАСЧЕТА,ТОВАР,СПОСОБ РАСЧЕТА,ПОЛНЫЙ РАСЧЕТ,МЕРА КОЛИЧЕСТВА ПР. РАСЧЕТА,кг,ИТОГО:,75.11,НАЛИЧНЫМИ:,0.00,БЕЗНАЛИЧНЫМИ:,75.11,НДС 20%:,2.36,НДС 10%:,5.55,ОСН,N ККТ:,0003791774047215,N ФД:,11151,N ФН:,9960440302393482,ФП,3066113367,ЭЛ.АДР.ОТПРАВИТЕЛЯ:,ofd@magnit.ru,ЭЛ.АДР.ПОКУПАТЕЛЯ:,s4fin.dmitry@yandex.ru,"АО ""Тандер""",САЙТ ФНС:,www.nalog.gov.ru,Версия ФФД:,1.2,,,,,,,,,,,,,,,,,,,,,,,,,,,,,,,,,,,,,,,,,,,,,,,,,,,,,,,,,,,,,,,,,,,,,,,,,,,,,,,,,,,,,,,,,,,,,,,,,,,,,,,,,,,,,,,,,,,,,,,,,,,
9,Чек,КАССОВЫЙ ЧЕК,ПРИХОД,ИНН 2310031475,"350000, Краснодарский край, Краснодар г, Северная ул, дом № 116",Магазин  Магнит  Парабола,05.08.2022 17:09,N: 554,СМЕНА: 25,КАССИР Товаровед магазина Данько,НАИМ. ПР.,КОЛИЧ. ПР.,Ц. ЗА ЕД. ПР.,СУММА ПР.,"АГРОКОМПЛЕКС Молоко паст 3,2% 0,9л ф/п (",1,69.99,69.99,НДС 10%,ПРИЗНАК ПР. РАСЧЕТА,ТМ,СПОСОБ РАСЧЕТА,ПОЛНЫЙ РАСЧЕТ,РЕЗ. ПРОВ. СВЕД. О ТОВАРЕ,М+,МЕРА КОЛИЧЕСТВА ПР. РАСЧЕТА,шт. или ед.,КОД ТОВАРА,0104607070047681215g28nC,Пакет-майка Магнит,1,6.99,6.99,НДС 20%,ПРИЗНАК ПР. РАСЧЕТА,ТОВАР,СПОСОБ РАСЧЕТА,ПОЛНЫЙ РАСЧЕТ,МЕРА КОЛИЧЕСТВА ПР. РАСЧЕТА,шт. или ед.,"ПРД Масло подсолнечное раф/ дез 0,9л:15",1,89.99,89.99,НДС 10%,ПРИЗНАК ПР. РАСЧЕТА,ТОВАР,СПОСОБ РАСЧЕТА,ПОЛНЫЙ РАСЧЕТ,МЕРА КОЛИЧЕСТВА ПР. РАСЧЕТА,шт. или ед.,КОД ТОВАРА,4680005881765,МАГНИТ Макаронные изделия Ракушка 450г (Росси,1,39.99,39.99,НДС 10%,ПРИЗНАК ПР. РАСЧЕТА,ТОВАР,СПОСОБ РАСЧЕТА,ПОЛНЫЙ РАСЧЕТ,МЕРА КОЛИЧЕСТВА ПР. РАСЧЕТА,шт. или ед.,КОД ТОВАРА,2010003721831,Яйцо столовое С1 10шт бокс :20,1,55.99,55.99,НДС 10%,ПРИЗНАК ПР. РАСЧЕТА,ТОВАР,СПОСОБ РАСЧЕТА,ПОЛНЫЙ РАСЧЕТ,МЕРА КОЛИЧЕСТВА ПР. РАСЧЕТА,шт. или ед.,КОД ТОВАРА,2034547000016,Полотенце кухонное вафельное с принтом 3,1,49.99,49.99,НДС 20%,ПРИЗНАК ПР. РАСЧЕТА,ТМ,СПОСОБ РАСЧЕТА,ПОЛНЫЙ РАСЧЕТ,РЕЗ. ПРОВ. СВЕД. О ТОВАРЕ,М+,МЕРА КОЛИЧЕСТВА ПР. РАСЧЕТА,шт. или ед.,КОД ТОВАРА,010462010324008821djdDVRpjUgRs.,МАГНИТ Салфетки вискозные вафельные 34*38см 3,1,59.99,59.99,НДС 20%,ПРИЗНАК ПР. РАСЧЕТА,ТОВАР,СПОСОБ РАСЧЕТА,ПОЛНЫЙ РАСЧЕТ,МЕРА КОЛИЧЕСТВА ПР. РАСЧЕТА,шт. или ед.,КОД ТОВАРА,2010003990039,"Батон ЛЕТНИЙ ДАР нарез в/с 0,35кг п/уп(Хлебоз",1,44.99,44.99,НДС 10%,ПРИЗНАК ПР. РАСЧЕТА,ТОВАР,СПОСОБ РАСЧЕТА,ПОЛНЫЙ РАСЧЕТ,МЕРА КОЛИЧЕСТВА ПР. РАСЧЕТА,шт. или ед.,КОД ТОВАРА,4607104242112,"Масло Крестьянское слив 72,5% 180г фол(М",1,84.99,84.99,НДС 10%,ПРИЗНАК ПР. РАСЧЕТА,ТМ,СПОСОБ РАСЧЕТА,ПОЛНЫЙ РАСЧЕТ,РЕЗ. ПРОВ. СВЕД. О ТОВАРЕ,М+,МЕРА КОЛИЧЕСТВА ПР. РАСЧЕТА,шт. или ед.,КОД ТОВАРА,0104699300835069215/oQk>,МИРАТОРГ Котлеты с моцареллой цыпл бройлер ох,1,129.99,129.99,НДС 10%,ПРИЗНАК ПР. РАСЧЕТА,ТОВАР,СПОСОБ РАСЧЕТА,ПОЛНЫЙ РАСЧЕТ,МЕРА КОЛИЧЕСТВА ПР. РАСЧЕТА,шт. или ед.,КОД ТОВАРА,4680014143946,ВЕЛИКОЛУКСКИЙ МК Сервелат Финский в/к 400г в/,1,119.99,119.99,НДС 10%,ПРИЗНАК ПР. РАСЧЕТА,ТОВАР,СПОСОБ РАСЧЕТА,ПОЛНЫЙ РАСЧЕТ,МЕРА КОЛИЧЕСТВА ПР. РАСЧЕТА,шт. или ед.,КОД ТОВАРА,4650064287068,"Бренди КРЫМСКИЙ СТАТУС 40% 0,5л (КВС):6",1,349.99,349.99,НДС 20%,ПРИЗНАК ПР. РАСЧЕТА,ПОДАКЦИЗНЫЙ ТОВАР,СПОСОБ РАСЧЕТА,ПОЛНЫЙ РАСЧЕТ,МЕРА КОЛИЧЕСТВА ПР. РАСЧЕТА,шт. или ед.,КОД ТОВАРА,18730734642796,ИТОГО:,1102.88,НАЛИЧНЫМИ:,0.00,БЕЗНАЛИЧНЫМИ:,1102.88,НДС 20%:,77.83,НДС 10%:,57.82,ОСН,N ККТ:,0002728757053750,N ФД:,14403,N ФН:,9960440302394074,ФП,1822972790,ЭЛ.АДР.ОТПРАВИТЕЛЯ:,ofd@magnit.ru,ЭЛ.АДР.ПОКУПАТЕЛЯ:,s4fin.dmitry@yandex.ru,"АО ""Тандер""",САЙТ ФНС:,www.nalog.gov.ru,Версия ФФД:,1.2
10,Чек,КАССОВЫЙ ЧЕК,ПРИХОД,ИНН 2310031475,"350000, Краснодарский край, Краснодар г, Северная ул, дом № 116",Магазин  Магнит  Парабола,07.08.2022 12:01,N: 137,СМЕНА: 27,КАССИР Продавец Исикова,НАИМ. ПР.,КОЛИЧ. ПР.,Ц. ЗА ЕД. ПР.,СУММА ПР.,ОНЛАЙТ Лампа светодиодная груша 15Вт Е27 тепл,1,159.99,159.99,НДС 20%,ПРИЗНАК ПР. РАСЧЕТА,ТОВАР,СПОСОБ РАСЧЕТА,ПОЛНЫЙ РАСЧЕТ,МЕРА КОЛИЧЕСТВА ПР. РАСЧЕТА,шт. или ед.,КОД ТОВАРА,4650074611495,Navigator Лампа накал 60Вт прозрачн груша Е27,1,59.99,59.99,НДС 20%,ПРИЗНАК ПР. РАСЧЕТА,ТОВАР,СПОСОБ РАСЧЕТА,ПОЛНЫЙ РАСЧЕТ,МЕРА КОЛИЧЕСТВА ПР. РАСЧЕТА,шт. или ед.,КОД ТОВАРА,4607136943001,"АГРОКОМПЛЕКС Молоко паст 3,2% 0,9л ф/п (",1,69.99,69.99,НДС 10%,ПРИЗНАК ПР. РАСЧЕТА,ТМ,СПОСОБ РАСЧЕТА,ПОЛНЫЙ РАСЧЕТ,РЕЗ. ПРОВ. СВЕД. О ТОВАРЕ,М+,МЕРА КОЛИЧЕСТВА ПР. РАСЧЕТА,шт. или ед.,КОД ТОВАРА,0104607070047681215CUfpc,Пакет-майка Магнит,1,6.99,6.99,НДС 20%,ПРИЗНАК ПР. РАСЧЕТА,ТОВАР,СПОСОБ РАСЧЕТА,ПОЛНЫЙ РАСЧЕТ,МЕРА КОЛИЧЕСТВА ПР. РАСЧЕТА,шт. или ед.,МОЯ ЦЕНА Тесто слоеное дрожжевое 500г(Россия),1,92.99,92.99,НДС 10%,ПРИЗНАК ПР. РАСЧЕТА,ТОВАР,СПОСОБ РАСЧЕТА,ПОЛНЫЙ РАСЧЕТ,МЕРА КОЛИЧЕСТВА ПР. РАСЧЕТА,шт. или ед.,КОД ТОВАРА,4603421330471,"Батон ЛЕТНИЙ ДАР нарез в/с 0,35кг п/уп(Хлебоз",1,44.99,44.99,НДС 10%,ПРИЗНАК ПР. РАСЧЕТА,ТОВАР,СПОСОБ РАСЧЕТА,ПОЛНЫЙ РАСЧЕТ,МЕРА КОЛИЧЕСТВА ПР. РАСЧЕТА,шт. или ед.,КОД ТОВАРА,4607104242112,СТАРОДВОРЬЕ БАВАРУШКА Сосиски Баварушки с око,1,114.99,114.99,НДС 10%,ПРИЗНАК ПР. РАСЧЕТА,ТОВАР,СПОСОБ РАСЧЕТА,ПОЛНЫЙ РАСЧЕТ,МЕРА КОЛИЧЕСТВА ПР. РАСЧЕТА,шт. или ед.,КОД ТОВАРА,4607091384369,МОЯ ЦЕНА Бумажные салфетки белые 100 лист (Ро,1,22.99,22.99,НДС 20%,ПРИЗНАК ПР. РАСЧЕТА,ТОВАР,СПОСОБ РАСЧЕТА,ПОЛНЫЙ РАСЧЕТ,МЕРА КОЛИЧЕСТВА ПР. РАСЧЕТА,шт. или ед.,КОД ТОВАРА,7942356550514,MOSQUITALL Пластины от комаров 10шт(Биогард):,1,29.99,29.99,НДС 20%,ПРИЗНАК ПР. РАСЧЕТА,ТОВАР,СПОСОБ РАСЧЕТА,ПОЛНЫЙ РАСЧЕТ,МЕРА КОЛИЧЕСТВА ПР. РАСЧЕТА,шт. или ед.,КОД ТОВАРА,4650056490667,НАРЗАН Минеральная Вода негаз 1л пл/бут(Нарза,1,64.99,64.99,НДС 20%,ПРИЗНАК ПР. РАСЧЕТА,ТОВАР,СПОСОБ РАСЧЕТА,ПОЛНЫЙ РАСЧЕТ,МЕРА КОЛИЧЕСТВА ПР. РАСЧЕТА,шт. или ед.,КОД ТОВАРА,4600536004006,РОЯЛС Деми Классик Сигареты МРЦ125(БАТ):,1,125.00,125.00,НДС 20%,ПРИЗНАК ПР. РАСЧЕТА,АТМ,СПОСОБ РАСЧЕТА,ПОЛНЫЙ РАСЧЕТ,РЕЗ. ПРОВ. СВЕД. О ТОВАРЕ,М+,МЕРА КОЛИЧЕСТВА ПР. РАСЧЕТА,шт. или ед.,КОД ТОВАРА,010000004623339421iT-X7bv,ИТОГО:,792.90,НАЛИЧНЫМИ:,0.00,БЕЗНАЛИЧНЫМИ:,792.90,НДС 20%:,78.33,НДС 10%:,29.35,ОСН,N ККТ:,0002728757053750,N ФД:,15434,N ФН:,9960440302394074,ФП,0300110438,ЭЛ.АДР.ОТПРАВИТЕЛЯ:,ofd@magnit.ru,ЭЛ.АДР.ПОКУПАТЕЛЯ:,s4fin.dmitry@yandex.ru,"АО ""Тандер""",САЙТ ФНС:,www.nalog.gov.ru,Версия ФФД:,1.2,,,,,,,,,,,,,,,
11,Чек,КАССОВЫЙ ЧЕК,ПРИХОД,ИНН 2310031475,"350000, Краснодарский край, Краснодар г, Северная ул, дом № 116",Магазин  Магнит  Парабола,07.08.2022 21:27,N: 512,СМЕНА: 27,КАССИР Продавец Исикова,НАИМ. ПР.,КОЛИЧ. ПР.,Ц. ЗА ЕД. ПР.,СУММА ПР.,"МОЯ ЦЕНА Сыр Российский 45%/50% (ф):3,5",0.26,439.90,114.37,НДС 10%,ПРИЗНАК ПР. РАСЧЕТА,ТМ,СПОСОБ РАСЧЕТА,ПОЛНЫЙ РАСЧЕТ,РЕЗ. ПРОВ. СВЕД. О ТОВАРЕ,М+,МЕРА КОЛИЧЕСТВА ПР. РАСЧЕТА,кг,КОД ТОВАРА,0104607164992132215Q:(l4,"КУБАН МОЛОЧНИК Сметана 20% 0,18кг батон",1,41.99,41.99,НДС 10%,ПРИЗНАК ПР. РАСЧЕТА,ТМ,СПОСОБ РАСЧЕТА,ПОЛНЫЙ РАСЧЕТ,РЕЗ. ПРОВ. СВЕД. О ТОВАРЕ,М+,МЕРА КОЛИЧЕСТВА ПР. РАСЧЕТА,шт. или ед.,КОД ТОВАРА,0104640009492527215ldmtd,"Бренди КВС ТМ КРЫМСКИЙ СТАТУС 40% 0,25л(Зав.П",1,179.99,179.99,НДС 20%,ПРИЗНАК ПР. РАСЧЕТА,ПОДАКЦИЗНЫЙ ТОВАР,СПОСОБ РАСЧЕТА,ПОЛНЫЙ РАСЧЕТ,МЕРА КОЛИЧЕСТВА ПР. РАСЧЕТА,шт. или ед.,КОД ТОВАРА,19830448765508,ИТОГО:,336.35,НАЛИЧНЫМИ:,0.00,БЕЗНАЛИЧНЫМИ:,336.35,НДС 20%:,30.00,НДС 10%:,14.22,ОСН,N ККТ:,0002728757053750,N ФД:,15809,N ФН:,9960440302394074,ФП,4281130702,ЭЛ.АДР.ОТПРАВИТЕЛЯ:,ofd@magnit.ru,ЭЛ.АДР.ПОКУПАТЕЛЯ:,s4fin.dmitry@yandex.ru,"АО ""Тандер""",САЙТ ФНС:,www.nalog.gov.ru,Версия ФФД:,1.2,,,,,,,,,,,,,,,,,,,,,,,,,,,,,,,,,,,,,,,,,,,,,,,,,,,,,,,,,,,,,,,,,,,,,,,,,,,,,,,,,,,,,,,,,,,,,,,,,,,,,,,,,,,,,,,,,,,,,
12,Чек,КАССОВЫЙ ЧЕК,ПРИХОД,ИНН 2310031475,"350000, Краснодарский край, Краснодар г, Северная ул, дом № 116",Магазин  Магнит  Парабола,08.08.2022 18:48,N: 364,СМЕНА: 28,КАССИР Продавец Исикова,НАИМ. ПР.,КОЛИЧ. ПР.,Ц. ЗА ЕД. ПР.,СУММА ПР.,"Батон ЛЕТНИЙ ДАР нарез в/с 0,35кг п/уп(Хлебоз",1,44.99,44.99,НДС 10%,ПРИЗНАК ПР. РАСЧЕТА,ТОВАР,СПОСОБ РАСЧЕТА,ПОЛНЫЙ РАСЧЕТ,МЕРА КОЛИЧЕСТВА ПР. РАСЧЕТА,шт. или ед.,КОД ТОВАРА,4607104242112,Яйцо столовое С1 10шт бокс :20,1,57.99,57.99,НДС 10%,ПРИЗНАК ПР. РАСЧЕТА,ТОВАР,СПОСОБ РАСЧЕТА,ПОЛНЫЙ РАСЧЕТ,МЕРА КОЛИЧЕСТВА ПР. РАСЧЕТА,шт. или ед.,КОД ТОВАРА,2034547000016,РОЯЛС Деми Классик Сигареты МРЦ129(БАТ):,1,129.00,129.00,НДС 20%,ПРИЗНАК ПР. РАСЧЕТА,АТМ,СПОСОБ РАСЧЕТА,ПОЛНЫЙ РАСЧЕТ,РЕЗ. ПРОВ. СВЕД. О ТОВАРЕ,М+,МЕРА КОЛИЧЕСТВА ПР. РАСЧЕТА,шт. или ед.,КОД ТОВАРА,"0100000046233394215oQ""tbE",ИТОГО:,231.98,НАЛИЧНЫМИ:,0.00,БЕЗНАЛИЧНЫМИ:,231.98,НДС 20%:,21.50,НДС 10%:,9.36,ОСН,N ККТ:,0002728757053750,N ФД:,16296,N ФН:,9960440302394074,ФП,1171285318,ЭЛ.АДР.ОТПРАВИТЕЛЯ:,ofd@magnit.ru,ЭЛ.АДР.ПОКУПАТЕЛЯ:,s4fin.dmitry@yandex.ru,"АО ""Тандер""",САЙТ ФНС:,www.nalog.gov.ru,Версия ФФД:,1.2,,,,,,,,,,,,,,,,,,,,,,,,,,,,,,,,,,,,,,,,,,,,,,,,,,,,,,,,,,,,,,,,,,,,,,,,,,,,,,,,,,,,,,,,,,,,,,,,,,,,,,,,,,,,,,,,,,,,,,,
13,Чек,КАССОВЫЙ ЧЕК,ПРИХОД,ИНН 2310031475,"350000, Краснодарский край, Краснодар г, Северная ул, дом № 116",Магазин  Магнит  Парабола,08.08.2022 18:48,N: 364,СМЕНА: 28,КАССИР Продавец Исикова,НАИМ. ПР.,КОЛИЧ. ПР.,Ц. ЗА ЕД. ПР.,СУММА ПР.,"Батон ЛЕТНИЙ ДАР нарез в/с 0,35кг п/уп(Хлебоз",1,44.99,44.99,НДС 10%,ПРИЗНАК ПР. РАСЧЕТА,ТОВАР,СПОСОБ РАСЧЕТА,ПОЛНЫЙ РАСЧЕТ,МЕРА КОЛИЧЕСТВА ПР. РАСЧЕТА,шт. или ед.,КОД ТОВАРА,4607104242112,Яйцо столовое С1 10шт бокс :20,1,57.99,57.99,НДС 10%,ПРИЗНАК ПР. РАСЧЕТА,ТОВАР,СПОСОБ РАСЧЕТА,ПОЛНЫЙ РАСЧЕТ,МЕРА КОЛИЧЕСТВА ПР. РАСЧЕТА,шт. или ед.,КОД ТОВАРА,2034547000016,РОЯЛС Деми Классик Сигареты МРЦ129(БАТ):,1,129.00,129.00,НДС 20%,ПРИЗНАК ПР. РАСЧЕТА,АТМ,СПОСОБ РАСЧЕТА,ПОЛНЫЙ РАСЧЕТ,РЕЗ. ПРОВ. СВЕД. О ТОВАРЕ,М+,МЕРА КОЛИЧЕСТВА ПР. РАСЧЕТА,шт. или ед.,КОД ТОВАРА,"0100000046233394215oQ""tbE",ИТОГО:,231.98,НАЛИЧНЫМИ:,0.00,БЕЗНАЛИЧНЫМИ:,231.98,НДС 20%:,21.50,НДС 10%:,9.36,ОСН,N ККТ:,0002728757053750,N ФД:,16296,N ФН:,9960440302394074,ФП,1171285318,ЭЛ.АДР.ОТПРАВИТЕЛЯ:,ofd@magnit.ru,ЭЛ.АДР.ПОКУПАТЕЛЯ:,s4fin.dmitry@yandex.ru,"АО ""Тандер""",САЙТ ФНС:,www.nalog.gov.ru,Версия ФФД:,1.2,,,,,,,,,,,,,,,,,,,,,,,,,,,,,,,,,,,,,,,,,,,,,,,,,,,,,,,,,,,,,,,,,,,,,,,,,,,,,,,,,,,,,,,,,,,,,,,,,,,,,,,,,,,,,,,,,,,,,,,
14,Чек,КАССОВЫЙ ЧЕК,ПРИХОД,ИНН 2310031475,"350000, Краснодарский край, Краснодар г, Северная ул, дом № 116",Магазин  Магнит  Парабола,08.08.2022 18:48,N: 364,СМЕНА: 28,КАССИР Продавец Исикова,НАИМ. ПР.,КОЛИЧ. ПР.,Ц. ЗА ЕД. ПР.,СУММА ПР.,"Батон ЛЕТНИЙ ДАР нарез в/с 0,35кг п/уп(Хлебоз",1,44.99,44.99,НДС 10%,ПРИЗНАК ПР. РАСЧЕТА,ТОВАР,СПОСОБ РАСЧЕТА,ПОЛНЫЙ РАСЧЕТ,МЕРА КОЛИЧЕСТВА ПР. РАСЧЕТА,шт. или ед.,КОД ТОВАРА,4607104242112,Яйцо столовое С1 10шт бокс :20,1,57.99,57.99,НДС 10%,ПРИЗНАК ПР. РАСЧЕТА,ТОВАР,СПОСОБ РАСЧЕТА,ПОЛНЫЙ РАСЧЕТ,МЕРА КОЛИЧЕСТВА ПР. РАСЧЕТА,шт. или ед.,КОД ТОВАРА,2034547000016,РОЯЛС Деми Классик Сигареты МРЦ129(БАТ):,1,129.00,129.00,НДС 20%,ПРИЗНАК ПР. РАСЧЕТА,АТМ,СПОСОБ РАСЧЕТА,ПОЛНЫЙ РАСЧЕТ,РЕЗ. ПРОВ. СВЕД. О ТОВАРЕ,М+,МЕРА КОЛИЧЕСТВА ПР. РАСЧЕТА,шт. или ед.,КОД ТОВАРА,"0100000046233394215oQ""tbE",ИТОГО:,231.98,НАЛИЧНЫМИ:,0.00,БЕЗНАЛИЧНЫМИ:,231.98,НДС 20%:,21.50,НДС 10%:,9.36,ОСН,N ККТ:,0002728757053750,N ФД:,16296,N ФН:,9960440302394074,ФП,1171285318,ЭЛ.АДР.ОТПРАВИТЕЛЯ:,ofd@magnit.ru,ЭЛ.АДР.ПОКУПАТЕЛЯ:,s4fin.dmitry@yandex.ru,"АО ""Тандер""",САЙТ ФНС:,www.nalog.gov.ru,Версия ФФД:,1.2,,,,,,,,,,,,,,,,,,,,,,,,,,,,,,,,,,,,,,,,,,,,,,,,,,,,,,,,,,,,,,,,,,,,,,,,,,,,,,,,,,,,,,,,,,,,,,,,,,,,,,,,,,,,,,,,,,,,,,,
15,Чек,КАССОВЫЙ ЧЕК,ПРИХОД,ИНН 2310031475,"350000, Краснодарский край, Краснодар г, Северная ул, дом № 116",Магазин  Магнит  Парабола,08.08.2022 18:48,N: 364,СМЕНА: 28,КАССИР Продавец Исикова,НАИМ. ПР.,КОЛИЧ. ПР.,Ц. ЗА ЕД. ПР.,СУММА ПР.,"Батон ЛЕТНИЙ ДАР нарез в/с 0,35кг п/уп(Хлебоз",1,44.99,44.99,НДС 10%,ПРИЗНАК ПР. РАСЧЕТА,ТОВАР,СПОСОБ РАСЧЕТА,ПОЛНЫЙ РАСЧЕТ,МЕРА КОЛИЧЕСТВА ПР. РАСЧЕТА,шт. или ед.,КОД ТОВАРА,4607104242112,Яйцо столовое С1 10шт бокс :20,1,57.99,57.99,НДС 10%,ПРИЗНАК ПР. РАСЧЕТА,ТОВАР,СПОСОБ РАСЧЕТА,ПОЛНЫЙ РАСЧЕТ,МЕРА КОЛИЧЕСТВА ПР. РАСЧЕТА,шт. или ед.,КОД ТОВАРА,2034547000016,РОЯЛС Деми Классик Сигареты МРЦ129(БАТ):,1,129.00,129.00,НДС 20%,ПРИЗНАК ПР. РАСЧЕТА,АТМ,СПОСОБ РАСЧЕТА,ПОЛНЫЙ РАСЧЕТ,РЕЗ. ПРОВ. СВЕД. О ТОВАРЕ,М+,МЕРА КОЛИЧЕСТВА ПР. РАСЧЕТА,шт. или ед.,КОД ТОВАРА,"0100000046233394215oQ""tbE",ИТОГО:,231.98,НАЛИЧНЫМИ:,0.00,БЕЗНАЛИЧНЫМИ:,231.98,НДС 20%:,21.50,НДС 10%:,9.36,ОСН,N ККТ:,0002728757053750,N ФД:,16296,N ФН:,9960440302394074,ФП,1171285318,ЭЛ.АДР.ОТПРАВИТЕЛЯ:,ofd@magnit.ru,ЭЛ.АДР.ПОКУПАТЕЛЯ:,s4fin.dmitry@yandex.ru,"АО ""Тандер""",САЙТ ФНС:,www.nalog.gov.ru,Версия ФФД:,1.2,,,,,,,,,,,,,,,,,,,,,,,,,,,,,,,,,,,,,,,,,,,,,,,,,,,,,,,,,,,,,,,,,,,,,,,,,,,,,,,,,,,,,,,,,,,,,,,,,,,,,,,,,,,,,,,,,,,,,,,
16,Чек,КАССОВЫЙ ЧЕК,ПРИХОД,ИНН 2310031475,"350000, Краснодарский край, Краснодар г, Северная ул, дом № 116",Магазин  Магнит  Парабола,09.08.2022 19:11,N: 362,СМЕНА: 192,КАССИР Товаровед магазина Бураков,НАИМ. ПР.,КОЛИЧ. ПР.,Ц. ЗА ЕД. ПР.,СУММА ПР.,Пакет-майка Магнит,1,6.99,6.99,НДС 20%,ПРИЗНАК ПР. РАСЧЕТА,ТОВАР,СПОСОБ РАСЧЕТА,ПОЛНЫЙ РАСЧЕТ,МЕРА КОЛИЧЕСТВА ПР. РАСЧЕТА,шт. или ед.,ЯГОДКА Десерт взбит зам щербет клубник 80г фл,4,29.99,119.96,НДС 20%,ПРИЗНАК ПР. РАСЧЕТА,ТОВАР,СПОСОБ РАСЧЕТА,ПОЛНЫЙ РАСЧЕТ,МЕРА КОЛИЧЕСТВА ПР. РАСЧЕТА,шт. или ед.,КОД ТОВАРА,4607032863250,"КУБАН МОЛОЧНИК Сметана 20% 0,18кг батон",1,41.99,41.99,НДС 10%,ПРИЗНАК ПР. РАСЧЕТА,ТМ,СПОСОБ РАСЧЕТА,ПОЛНЫЙ РАСЧЕТ,РЕЗ. ПРОВ. СВЕД. О ТОВАРЕ,М+,МЕРА КОЛИЧЕСТВА ПР. РАСЧЕТА,шт. или ед.,КОД ТОВАРА,0104640009492527215cnKLt,Конфеты Ромашки(в)(Рот-Фронт) :6,0.152,379.90,57.74,НДС 20%,ПРИЗНАК ПР. РАСЧЕТА,ТОВАР,СПОСОБ РАСЧЕТА,ПОЛНЫЙ РАСЧЕТ,МЕРА КОЛИЧЕСТВА ПР. РАСЧЕТА,кг,ЯШКИНСКИЕ вафли с халвой 200г(КДВ Яшкино):24,1,54.99,54.99,НДС 20%,ПРИЗНАК ПР. РАСЧЕТА,ТОВАР,СПОСОБ РАСЧЕТА,ПОЛНЫЙ РАСЧЕТ,МЕРА КОЛИЧЕСТВА ПР. РАСЧЕТА,шт. или ед.,КОД ТОВАРА,4607015232547,АРБУЗ 1кг,7.04,13.49,94.97,НДС 10%,ПРИЗНАК ПР. РАСЧЕТА,ТОВАР,СПОСОБ РАСЧЕТА,ПОЛНЫЙ РАСЧЕТ,МЕРА КОЛИЧЕСТВА ПР. РАСЧЕТА,кг,ИТОГО:,376.64,НАЛИЧНЫМИ:,0.00,БЕЗНАЛИЧНЫМИ:,376.64,НДС 20%:,39.95,НДС 10%:,12.45,ОСН,N ККТ:,0005060741054680,N ФД:,70507,N ФН:,9960440301655098,ФП,3448577998,ЭЛ.АДР.ОТПРАВИТЕЛЯ:,ofd@magnit.ru,ЭЛ.АДР.ПОКУПАТЕЛЯ:,s4fin.dmitry@yandex.ru,"Акционерное общество ""Тандер""",САЙТ ФНС:,www.nalog.gov.ru,Версия ФФД:,1.2,,,,,,,,,,,,,,,,,,,,,,,,,,,,,,,,,,,,,,,,,,,,,,,,,,,,,,,,,,,,,,,,,,,,,,,,,,,,,,,,,,,,,,
17,Чек,КАССОВЫЙ ЧЕК,ПРИХОД,ИНН 2310031475,"350000, Краснодарский край, Краснодар г, Северная ул, дом № 116",Магазин  Магнит  Парабола,10.08.2022 18:52,N: 208,СМЕНА: 189,КАССИР Продавец Цангариди,НАИМ. ПР.,КОЛИЧ. ПР.,Ц. ЗА ЕД. ПР.,СУММА ПР.,"Батон ЛЕТНИЙ ДАР нарез в/с 0,35кг п/уп(Хлебоз",1,44.99,44.99,НДС 10%,ПРИЗНАК ПР. РАСЧЕТА,ТОВАР,СПОСОБ РАСЧЕТА,ПОЛНЫЙ РАСЧЕТ,МЕРА КОЛИЧЕСТВА ПР. РАСЧЕТА,шт. или ед.,КОД ТОВАРА,4607104242112,ЯГОДКА Десерт взбит зам щербет клубник 80г фл,4,36.99,147.96,НДС 20%,ПРИЗНАК ПР. РАСЧЕТА,ТОВАР,СПОСОБ РАСЧЕТА,ПОЛНЫЙ РАСЧЕТ,МЕРА КОЛИЧЕСТВА ПР. РАСЧЕТА,шт. или ед.,КОД ТОВАРА,4607032863250,"АГРОКОМПЛЕКС Молоко паст 3,2% 0,9л ф/п (",1,69.99,69.99,НДС 10%,ПРИЗНАК ПР. РАСЧЕТА,ТМ,СПОСОБ РАСЧЕТА,ПОЛНЫЙ РАСЧЕТ,РЕЗ. ПРОВ. СВЕД. О ТОВАРЕ,М+,МЕРА КОЛИЧЕСТВА ПР. РАСЧЕТА,шт. или ед.,КОД ТОВАРА,0104607070047681215Kqs>n,Пакет-майка Магнит,1,6.99,6.99,НДС 20%,ПРИЗНАК ПР. РАСЧЕТА,ТОВАР,СПОСОБ РАСЧЕТА,ПОЛНЫЙ РАСЧЕТ,МЕРА КОЛИЧЕСТВА ПР. РАСЧЕТА,шт. или ед.,"EAT MEAT Сосиски 0,6кг п/уп:4",1,129.99,129.99,НДС 10%,ПРИЗНАК ПР. РАСЧЕТА,ТОВАР,СПОСОБ РАСЧЕТА,ПОЛНЫЙ РАСЧЕТ,МЕРА КОЛИЧЕСТВА ПР. РАСЧЕТА,шт. или ед.,КОД ТОВАРА,4620077213903,"МОЯ ЦЕНА Нектар Яблочный 0,95л т/пак (Россия)",1,53.99,53.99,НДС 10%,ПРИЗНАК ПР. РАСЧЕТА,ТОВАР,СПОСОБ РАСЧЕТА,ПОЛНЫЙ РАСЧЕТ,МЕРА КОЛИЧЕСТВА ПР. РАСЧЕТА,шт. или ед.,КОД ТОВАРА,2010003659899,ИТОГО:,453.91,НАЛИЧНЫМИ:,0.00,БЕЗНАЛИЧНЫМИ:,453.91,НДС 20%:,25.83,НДС 10%:,27.18,ОСН,N ККТ:,0005061237042668,N ФД:,50819,N ФН:,9960440301655107,ФП,2337010180,ЭЛ.АДР.ОТПРАВИТЕЛЯ:,ofd@magnit.ru,ЭЛ.АДР.ПОКУПАТЕЛЯ:,s4fin.dmitry@yandex.ru,"Акционерное общество ""Тандер""",САЙТ ФНС:,www.nalog.gov.ru,Версия ФФД:,1.2,,,,,,,,,,,,,,,,,,,,,,,,,,,,,,,,,,,,,,,,,,,,,,,,,,,,,,,,,,,,,,,,,,,,,,,,,,,,,,,,,,
18,Чек,КАССОВЫЙ ЧЕК,ПРИХОД,ИНН 2310031475,"350000, Краснодарский край, Краснодар г, Северная ул, дом № 116",Магазин  Магнит  Парабола,10.08.2022 18:56,N: 211,СМЕНА: 189,КАССИР Продавец Цангариди,НАИМ. ПР.,КОЛИЧ. ПР.,Ц. ЗА ЕД. ПР.,СУММА ПР.,"Бренди КВС ТМ КРЫМСКИЙ СТАТУС 40% 0,25л(Зав.П",1,179.99,179.99,НДС 20%,ПРИЗНАК ПР. РАСЧЕТА,ПОДАКЦИЗНЫЙ ТОВАР,СПОСОБ РАСЧЕТА,ПОЛНЫЙ РАСЧЕТ,МЕРА КОЛИЧЕСТВА ПР. РАСЧЕТА,шт. или ед.,КОД ТОВАРА,19830448765586,РОЯЛС Деми Классик Сигареты МРЦ129(БАТ):,1,129.00,129.00,НДС 20%,ПРИЗНАК ПР. РАСЧЕТА,АТМ,СПОСОБ РАСЧЕТА,ПОЛНЫЙ РАСЧЕТ,РЕЗ. ПРОВ. СВЕД. О ТОВАРЕ,М+,МЕРА КОЛИЧЕСТВА ПР. РАСЧЕТА,шт. или ед.,КОД ТОВАРА,010000004623339421yO6Hvgb,ИТОГО:,308.99,НАЛИЧНЫМИ:,0.00,БЕЗНАЛИЧНЫМИ:,308.99,НДС 20%:,51.50,ОСН,N ККТ:,0005061237042668,N ФД:,50822,N ФН:,9960440301655107,ФП,3554643067,ЭЛ.АДР.ОТПРАВИТЕЛЯ:,ofd@magnit.ru,ЭЛ.АДР.ПОКУПАТЕЛЯ:,s4fin.dmitry@yandex.ru,"Акционерное общество ""Тандер""",САЙТ ФНС:,www.nalog.gov.ru,Версия ФФД:,1.2,,,,,,,,,,,,,,,,,,,,,,,,,,,,,,,,,,,,,,,,,,,,,,,,,,,,,,,,,,,,,,,,,,,,,,,,,,,,,,,,,,,,,,,,,,,,,,,,,,,,,,,,,,,,,,,,,,,,,,,,,,,,,,,,,,,,,,
19,Чек,КАССОВЫЙ ЧЕК,ПРИХОД,ИНН 2310031475,"350000, Краснодарский край, Краснодар г, Северная ул, дом № 116",Магазин  Магнит  Парабола,10.08.2022 21:20,N: 639,СМЕНА: 30,КАССИР Продавец Свищева,НАИМ. ПР.,КОЛИЧ. ПР.,Ц. ЗА ЕД. ПР.,СУММА ПР.,"Бренди КВС ТМ КРЫМСКИЙ СТАТУС 40% 0,25л(Зав.П",1,179.99,179.99,НДС 20%,ПРИЗНАК ПР. РАСЧЕТА,ПОДАКЦИЗНЫЙ ТОВАР,СПОСОБ РАСЧЕТА,ПОЛНЫЙ РАСЧЕТ,МЕРА КОЛИЧЕСТВА ПР. РАСЧЕТА,шт. или ед.,КОД ТОВАРА,19830448765498,ИТОГО:,179.99,НАЛИЧНЫМИ:,0.00,БЕЗНАЛИЧНЫМИ:,179.99,НДС 20%:,30.00,ОСН,N ККТ:,0002728757053750,N ФД:,18053,N ФН:,9960440302394074,ФП,2553346628,ЭЛ.АДР.ОТПРАВИТЕЛЯ:,ofd@magnit.ru,ЭЛ.АДР.ПОКУПАТЕЛЯ:,s4fin.dmitry@yandex.ru,"АО ""Тандер""",САЙТ ФНС:,www.nalog.gov.ru,Версия ФФД:,1.2,,,,,,,,,,,,,,,,,,,,,,,,,,,,,,,,,,,,,,,,,,,,,,,,,,,,,,,,,,,,,,,,,,,,,,,,,,,,,,,,,,,,,,,,,,,,,,,,,,,,,,,,,,,,,,,,,,,,,,,,,,,,,,,,,,,,,,,,,,,,,,,,,,,,,
20,Чек,КАССОВЫЙ ЧЕК,ПРИХОД,ИНН 2310031475,"350072, Краснодарский край, Краснодар г, им. 40-летия Победы ул, дом № 34",Магазин  Магнит  Лимитация,11.08.2022 14:36,N: 329,СМЕНА: 24,КАССИР Продавец Шевченко,НАИМ. ПР.,КОЛИЧ. ПР.,Ц. ЗА ЕД. ПР.,СУММА ПР.,"ТЕТЯ ГРУША Напиток газ 0,5л ст/бут (ЮгПиво):2",1,46.99,46.99,НДС 20%,ПРИЗНАК ПР. РАСЧЕТА,ТОВАР,СПОСОБ РАСЧЕТА,ПОЛНЫЙ РАСЧЕТ,МЕРА КОЛИЧЕСТВА ПР. РАСЧЕТА,шт. или ед.,КОД ТОВАРА,4650001912855,ИТОГО:,46.99,НАЛИЧНЫМИ:,0.00,БЕЗНАЛИЧНЫМИ:,46.99,НДС 20%:,7.83,ОСН,N ККТ:,0003791774047215,N ФД:,15146,N ФН:,9960440302393482,ФП,3879725868,ЭЛ.АДР.ОТПРАВИТЕЛЯ:,ofd@magnit.ru,ЭЛ.АДР.ПОКУПАТЕЛЯ:,s4fin.dmitry@yandex.ru,"АО ""Тандер""",САЙТ ФНС:,www.nalog.gov.ru,Версия ФФД:,1.2,,,,,,,,,,,,,,,,,,,,,,,,,,,,,,,,,,,,,,,,,,,,,,,,,,,,,,,,,,,,,,,,,,,,,,,,,,,,,,,,,,,,,,,,,,,,,,,,,,,,,,,,,,,,,,,,,,,,,,,,,,,,,,,,,,,,,,,,,,,,,,,,,,,,,
21,Чек,КАССОВЫЙ ЧЕК,ПРИХОД,ИНН 2310031475,"350000, Краснодарский край, Краснодар г, Северная ул, дом № 116",Магазин  Магнит  Парабола,11.08.2022 19:08,N: 530,СМЕНА: 31,КАССИР Продавец Исикова,НАИМ. ПР.,КОЛИЧ. ПР.,Ц. ЗА ЕД. ПР.,СУММА ПР.,Пакет-майка Магнит,1,6.99,6.99,НДС 20%,ПРИЗНАК ПР. РАСЧЕТА,ТОВАР,СПОСОБ РАСЧЕТА,ПОЛНЫЙ РАСЧЕТ,МЕРА КОЛИЧЕСТВА ПР. РАСЧЕТА,шт. или ед.,"ГОРЯЧИЙ КЛЮЧ №2000 Мин вод газ1,5лпл/бут(Горя",1,43.99,43.99,НДС 20%,ПРИЗНАК ПР. РАСЧЕТА,ТОВАР,СПОСОБ РАСЧЕТА,ПОЛНЫЙ РАСЧЕТ,МЕРА КОЛИЧЕСТВА ПР. РАСЧЕТА,шт. или ед.,"Бренди КВС ТМ КРЫМСКИЙ СТАТУС 40% 0,25л(Зав.П",1,179.99,179.99,НДС 20%,ПРИЗНАК ПР. РАСЧЕТА,ПОДАКЦИЗНЫЙ ТОВАР,СПОСОБ РАСЧЕТА,ПОЛНЫЙ РАСЧЕТ,МЕРА КОЛИЧЕСТВА ПР. РАСЧЕТА,шт. или ед.,КОД ТОВАРА,19830448765511,ЯГОДКА Десерт взбит зам щербет клубник 80г фл,2,36.99,73.98,НДС 20%,ПРИЗНАК ПР. РАСЧЕТА,ТОВАР,СПОСОБ РАСЧЕТА,ПОЛНЫЙ РАСЧЕТ,МЕРА КОЛИЧЕСТВА ПР. РАСЧЕТА,шт. или ед.,КОД ТОВАРА,4607032863250,"АГРОКОМПЛЕКС Ряженка 2,5% 0,45кг ф/п(Агр",1,49.99,49.99,НДС 10%,ПРИЗНАК ПР. РАСЧЕТА,ТМ,СПОСОБ РАСЧЕТА,ПОЛНЫЙ РАСЧЕТ,РЕЗ. ПРОВ. СВЕД. О ТОВАРЕ,М+,МЕРА КОЛИЧЕСТВА ПР. РАСЧЕТА,шт. или ед.,КОД ТОВАРА,"0104607070047827215-R,Sh",ИТОГО:,354.94,НАЛИЧНЫМИ:,0.00,БЕЗНАЛИЧНЫМИ:,354.94,НДС 20%:,50.83,НДС 10%:,4.54,ОСН,N ККТ:,0002728757053750,N ФД:,18616,N ФН:,9960440302394074,ФП,1028314316,ЭЛ.АДР.ОТПРАВИТЕЛЯ:,ofd@magnit.ru,ЭЛ.АДР.ПОКУПАТЕЛЯ:,s4fin.dmitry@yandex.ru,"АО ""Тандер""",САЙТ ФНС:,www.nalog.gov.ru,Версия ФФД:,1.2,,,,,,,,,,,,,,,,,,,,,,,,,,,,,,,,,,,,,,,,,,,,,,,,,,,,,,,,,,,,,,,,,,,,,,,,,,,,,,,,,,,,,,,,,,,,,,,,,
22,Чек,КАССОВЫЙ ЧЕК,ПРИХОД,ИНН 2310031475,"350072, Краснодарский край, Краснодар г, им. 40-летия Победы ул, дом № 34",Магазин  Магнит  Лимитация,12.08.2022 12:25,N: 61,СМЕНА: 25,КАССИР Продавец Донская,НАИМ. ПР.,КОЛИЧ. ПР.,Ц. ЗА ЕД. ПР.,СУММА ПР.,РОССИЯ шоколад мол.карамель арахис 82г ф/уп(Н,1,49.99,49.99,НДС 20%,ПРИЗНАК ПР. РАСЧЕТА,ТОВАР,СПОСОБ РАСЧЕТА,ПОЛНЫЙ РАСЧЕТ,МЕРА КОЛИЧЕСТВА ПР. РАСЧЕТА,шт. или ед.,КОД ТОВАРА,4600680016030,"ТЕТЯ ГРУША Напиток газ 0,5л ст/бут (ЮгПиво):2",1,46.99,46.99,НДС 20%,ПРИЗНАК ПР. РАСЧЕТА,ТОВАР,СПОСОБ РАСЧЕТА,ПОЛНЫЙ РАСЧЕТ,МЕРА КОЛИЧЕСТВА ПР. РАСЧЕТА,шт. или ед.,КОД ТОВАРА,4650001912855,РОЯЛС Деми Классик Сигареты МРЦ125(БАТ):,1,125.00,125.00,НДС 20%,ПРИЗНАК ПР. РАСЧЕТА,АТМ,СПОСОБ РАСЧЕТА,ПОЛНЫЙ РАСЧЕТ,РЕЗ. ПРОВ. СВЕД. О ТОВАРЕ,М+,МЕРА КОЛИЧЕСТВА ПР. РАСЧЕТА,шт. или ед.,КОД ТОВАРА,010000004623339421_YK9G2W,ИТОГО:,221.98,НАЛИЧНЫМИ:,0.00,БЕЗНАЛИЧНЫМИ:,221.98,НДС 20%:,36.99,ОСН,N ККТ:,0003791774047215,N ФД:,15586,N ФН:,9960440302393482,ФП,3342299564,ЭЛ.АДР.ОТПРАВИТЕЛЯ:,ofd@magnit.ru,ЭЛ.АДР.ПОКУПАТЕЛЯ:,s4fin.dmitry@yandex.ru,"АО ""Тандер""",САЙТ ФНС:,www.nalog.gov.ru,Версия ФФД:,1.2,,,,,,,,,,,,,,,,,,,,,,,,,,,,,,,,,,,,,,,,,,,,,,,,,,,,,,,,,,,,,,,,,,,,,,,,,,,,,,,,,,,,,,,,,,,,,,,,,,,,,,,,,,,,,,,,,,,,,,,,,
23,Чек,КАССОВЫЙ ЧЕК,ПРИХОД,ИНН 2310031475,"350000, Краснодарский край, Краснодар г, Северная ул, дом № 116",Магазин  Магнит  Парабола,12.08.2022 16:58,N: 210,СМЕНА: 191,КАССИР Продавец Исикова,НАИМ. ПР.,КОЛИЧ. ПР.,Ц. ЗА ЕД. ПР.,СУММА ПР.,МАГНИТ Макароны Спагетти 500г п/уп:24,1,33.99,33.99,НДС 10%,ПРИЗНАК ПР. РАСЧЕТА,ТОВАР,СПОСОБ РАСЧЕТА,ПОЛНЫЙ РАСЧЕТ,МЕРА КОЛИЧЕСТВА ПР. РАСЧЕТА,шт. или ед.,КОД ТОВАРА,2010002479412,Пакет-майка Магнит,1,6.99,6.99,НДС 20%,ПРИЗНАК ПР. РАСЧЕТА,ТОВАР,СПОСОБ РАСЧЕТА,ПОЛНЫЙ РАСЧЕТ,МЕРА КОЛИЧЕСТВА ПР. РАСЧЕТА,шт. или ед.,СЕМЕЙКА ОЗБИ Мини-Сушки простые 150г п/п(ОЗБИ,1,49.99,49.99,НДС 10%,ПРИЗНАК ПР. РАСЧЕТА,ТОВАР,СПОСОБ РАСЧЕТА,ПОЛНЫЙ РАСЧЕТ,МЕРА КОЛИЧЕСТВА ПР. РАСЧЕТА,шт. или ед.,КОД ТОВАРА,4600925005669,"МОЯ ЦЕНА Сыр Российский 45%/50% (ф):3,5",0.306,449.90,137.67,НДС 10%,ПРИЗНАК ПР. РАСЧЕТА,ТМ,СПОСОБ РАСЧЕТА,ПОЛНЫЙ РАСЧЕТ,РЕЗ. ПРОВ. СВЕД. О ТОВАРЕ,М+,МЕРА КОЛИЧЕСТВА ПР. РАСЧЕТА,кг,КОД ТОВАРА,0104607164992132215ohfX?,"Масло Крестьянское слив 72,5% 180г фол(М",1,84.99,84.99,НДС 10%,ПРИЗНАК ПР. РАСЧЕТА,ТМ,СПОСОБ РАСЧЕТА,ПОЛНЫЙ РАСЧЕТ,РЕЗ. ПРОВ. СВЕД. О ТОВАРЕ,М+,МЕРА КОЛИЧЕСТВА ПР. РАСЧЕТА,шт. или ед.,КОД ТОВАРА,0104699300835069215XiroU,"КУБАН МОЛОЧНИК Сметана 20% 0,18кг батон",1,41.99,41.99,НДС 10%,ПРИЗНАК ПР. РАСЧЕТА,ТМ,СПОСОБ РАСЧЕТА,ПОЛНЫЙ РАСЧЕТ,РЕЗ. ПРОВ. СВЕД. О ТОВАРЕ,М+,МЕРА КОЛИЧЕСТВА ПР. РАСЧЕТА,шт. или ед.,КОД ТОВАРА,0104640009492527215dHGh0,"ГОРЯЧИЙ КЛЮЧ №2000 Мин вод газ1,5лпл/бут(Горя",1,43.99,43.99,НДС 20%,ПРИЗНАК ПР. РАСЧЕТА,ТОВАР,СПОСОБ РАСЧЕТА,ПОЛНЫЙ РАСЧЕТ,МЕРА КОЛИЧЕСТВА ПР. РАСЧЕТА,шт. или ед.,ИТОГО:,399.61,НАЛИЧНЫМИ:,0.00,БЕЗНАЛИЧНЫМИ:,399.61,НДС 20%:,8.50,НДС 10%:,31.70,ОСН,N ККТ:,0005061237042668,N ФД:,51530,N ФН:,9960440301655107,ФП,0976854712,ЭЛ.АДР.ОТПРАВИТЕЛЯ:,ofd@magnit.ru,ЭЛ.АДР.ПОКУПАТЕЛЯ:,s4fin.dmitry@yandex.ru,"Акционерное общество ""Тандер""",САЙТ ФНС:,www.nalog.gov.ru,Версия ФФД:,1.2,,,,,,,,,,,,,,,,,,,,,,,,,,,,,,,,,,,,,,,,,,,,,,,,,,,,,,,,,,,,,,,,,,,
24,Чек,КАССОВЫЙ ЧЕК,ПРИХОД,ИНН 2310031475,"350000, Краснодарский край, Краснодар г, Северная ул, дом № 116",Магазин  Магнит  Парабола,12.08.2022 20:41,N: 492,СМЕНА: 32,КАССИР Продавец Исикова,НАИМ. ПР.,КОЛИЧ. ПР.,Ц. ЗА ЕД. ПР.,СУММА ПР.,"Бренди КВС ТМ КРЫМСКИЙ СТАТУС 40% 0,25л(Зав.П",1,179.99,179.99,НДС 20%,ПРИЗНАК ПР. РАСЧЕТА,ПОДАКЦИЗНЫЙ ТОВАР,СПОСОБ РАСЧЕТА,ПОЛНЫЙ РАСЧЕТ,МЕРА КОЛИЧЕСТВА ПР. РАСЧЕТА,шт. или ед.,КОД ТОВАРА,19830448765497,РОЯЛС Деми Классик Сигареты МРЦ129(БАТ):,1,129.00,129.00,НДС 20%,ПРИЗНАК ПР. РАСЧЕТА,АТМ,СПОСОБ РАСЧЕТА,ПОЛНЫЙ РАСЧЕТ,РЕЗ. ПРОВ. СВЕД. О ТОВАРЕ,М+,МЕРА КОЛИЧЕСТВА ПР. РАСЧЕТА,шт. или ед.,КОД ТОВАРА,010000004623339421aZ8THJz,ИТОГО:,308.99,НАЛИЧНЫМИ:,0.00,БЕЗНАЛИЧНЫМИ:,308.99,НДС 20%:,51.50,ОСН,N ККТ:,0002728757053750,N ФД:,19351,N ФН:,9960440302394074,ФП,3025824457,ЭЛ.АДР.ОТПРАВИТЕЛЯ:,ofd@magnit.ru,ЭЛ.АДР.ПОКУПАТЕЛЯ:,s4fin.dmitry@yandex.ru,"АО ""Тандер""",САЙТ ФНС:,www.nalog.gov.ru,Версия ФФД:,1.2,,,,,,,,,,,,,,,,,,,,,,,,,,,,,,,,,,,,,,,,,,,,,,,,,,,,,,,,,,,,,,,,,,,,,,,,,,,,,,,,,,,,,,,,,,,,,,,,,,,,,,,,,,,,,,,,,,,,,,,,,,,,,,,,,,,,,,
25,Чек,КАССОВЫЙ ЧЕК,ПРИХОД,ИНН 2310031475,"350000, Краснодарский край, Краснодар г, Северная ул, дом № 116",Магазин  Магнит  Парабола,13.08.2022 19:47,N: 244,СМЕНА: 196,КАССИР Продавец Свищева,НАИМ. ПР.,КОЛИЧ. ПР.,Ц. ЗА ЕД. ПР.,СУММА ПР.,"Батон ЛЕТНИЙ ДАР нарез в/с 0,35кг п/уп(Хлебоз",1,44.99,44.99,НДС 10%,ПРИЗНАК ПР. РАСЧЕТА,ТОВАР,СПОСОБ РАСЧЕТА,ПОЛНЫЙ РАСЧЕТ,МЕРА КОЛИЧЕСТВА ПР. РАСЧЕТА,шт. или ед.,КОД ТОВАРА,4607104242112,"Бренди КВС ТМ КРЫМСКИЙ СТАТУС 40% 0,25л(Зав.П",1,179.99,179.99,НДС 20%,ПРИЗНАК ПР. РАСЧЕТА,ПОДАКЦИЗНЫЙ ТОВАР,СПОСОБ РАСЧЕТА,ПОЛНЫЙ РАСЧЕТ,МЕРА КОЛИЧЕСТВА ПР. РАСЧЕТА,шт. или ед.,КОД ТОВАРА,19830448765566,"АГРОКОМПЛЕКС Молоко паст 3,2% 0,9л ф/п (",1,69.99,69.99,НДС 10%,ПРИЗНАК ПР. РАСЧЕТА,ТМ,СПОСОБ РАСЧЕТА,ПОЛНЫЙ РАСЧЕТ,РЕЗ. ПРОВ. СВЕД. О ТОВАРЕ,М+,МЕРА КОЛИЧЕСТВА ПР. РАСЧЕТА,шт. или ед.,КОД ТОВАРА,0104607070047681215MydKO,РОССИЯ шоколад мол.карамель арахис 82г ф/уп(Н,1,49.99,49.99,НДС 20%,ПРИЗНАК ПР. РАСЧЕТА,ТОВАР,СПОСОБ РАСЧЕТА,ПОЛНЫЙ РАСЧЕТ,МЕРА КОЛИЧЕСТВА ПР. РАСЧЕТА,шт. или ед.,КОД ТОВАРА,4600680016030,Пакет-майка Магнит,1,6.99,6.99,НДС 20%,ПРИЗНАК ПР. РАСЧЕТА,ТОВАР,СПОСОБ РАСЧЕТА,ПОЛНЫЙ РАСЧЕТ,МЕРА КОЛИЧЕСТВА ПР. РАСЧЕТА,шт. или ед.,РОЯЛС Деми Классик Сигареты МРЦ125(БАТ):,1,125.00,125.00,НДС 20%,ПРИЗНАК ПР. РАСЧЕТА,АТМ,СПОСОБ РАСЧЕТА,ПОЛНЫЙ РАСЧЕТ,РЕЗ. ПРОВ. СВЕД. О ТОВАРЕ,М+,МЕРА КОЛИЧЕСТВА ПР. РАСЧЕТА,шт. или ед.,КОД ТОВАРА,"010000004623339421i0zvI,2",ИТОГО:,476.95,НАЛИЧНЫМИ:,0.00,БЕЗНАЛИЧНЫМИ:,476.95,НДС 20%:,60.33,НДС 10%:,10.45,ОСН,N ККТ:,0005060741054680,N ФД:,71863,N ФН:,9960440301655098,ФП,4217732393,ЭЛ.АДР.ОТПРАВИТЕЛЯ:,ofd@magnit.ru,ЭЛ.АДР.ПОКУПАТЕЛЯ:,s4fin.dmitry@yandex.ru,"Акционерное общество ""Тандер""",САЙТ ФНС:,www.nalog.gov.ru,Версия ФФД:,1.2,,,,,,,,,,,,,,,,,,,,,,,,,,,,,,,,,,,,,,,,,,,,,,,,,,,,,,,,,,,,,,,,,,,,,,,,,,,,,,,,
26,Чек,КАССОВЫЙ ЧЕК,ПРИХОД,ИНН 2310031475,"350000, Краснодарский край, Краснодар г, Северная ул, дом № 116",Магазин  Магнит  Парабола,13.08.2022 21:35,N: 620,СМЕНА: 33,КАССИР Продавец Исикова,НАИМ. ПР.,КОЛИЧ. ПР.,Ц. ЗА ЕД. ПР.,СУММА ПР.,"Бренди КВС ТМ КРЫМСКИЙ СТАТУС 40% 0,25л(Зав.П",1,179.99,179.99,НДС 20%,ПРИЗНАК ПР. РАСЧЕТА,ПОДАКЦИЗНЫЙ ТОВАР,СПОСОБ РАСЧЕТА,ПОЛНЫЙ РАСЧЕТ,МЕРА КОЛИЧЕСТВА ПР. РАСЧЕТА,шт. или ед.,КОД ТОВАРА,19830448765576,ИТОГО:,179.99,НАЛИЧНЫМИ:,0.00,БЕЗНАЛИЧНЫМИ:,179.99,НДС 20%:,30.00,ОСН,N ККТ:,0002728757053750,N ФД:,20130,N ФН:,9960440302394074,ФП,1097152870,ЭЛ.АДР.ОТПРАВИТЕЛЯ:,ofd@magnit.ru,ЭЛ.АДР.ПОКУПАТЕЛЯ:,s4fin.dmitry@yandex.ru,"АО ""Тандер""",САЙТ ФНС:,www.nalog.gov.ru,Версия ФФД:,1.2,,,,,,,,,,,,,,,,,,,,,,,,,,,,,,,,,,,,,,,,,,,,,,,,,,,,,,,,,,,,,,,,,,,,,,,,,,,,,,,,,,,,,,,,,,,,,,,,,,,,,,,,,,,,,,,,,,,,,,,,,,,,,,,,,,,,,,,,,,,,,,,,,,,,,
27,Чек,КАССОВЫЙ ЧЕК,ПРИХОД,ИНН 2310031475,"350000, Краснодарский край, Краснодар г, Северная ул, дом № 116",Магазин  Магнит  Парабола,15.08.2022 18:49,N: 656,СМЕНА: 35,КАССИР Товаровед магазина Бураков,НАИМ. ПР.,КОЛИЧ. ПР.,Ц. ЗА ЕД. ПР.,СУММА ПР.,"Бренди КВС ТМ КРЫМСКИЙ СТАТУС 40% 0,25л(Зав.П",1,179.99,179.99,НДС 20%,ПРИЗНАК ПР. РАСЧЕТА,ПОДАКЦИЗНЫЙ ТОВАР,СПОСОБ РАСЧЕТА,ПОЛНЫЙ РАСЧЕТ,МЕРА КОЛИЧЕСТВА ПР. РАСЧЕТА,шт. или ед.,КОД ТОВАРА,19830448765500,"Мясн/пр Котлеты домашние свин/говяж охл0,4кг",1,119.99,119.99,НДС 10%,ПРИЗНАК ПР. РАСЧЕТА,ТОВАР,СПОСОБ РАСЧЕТА,ПОЛНЫЙ РАСЧЕТ,МЕРА КОЛИЧЕСТВА ПР. РАСЧЕТА,шт. или ед.,КОД ТОВАРА,4610009510804,АРБУЗ 1кг,6.56,14.99,98.33,НДС 10%,ПРИЗНАК ПР. РАСЧЕТА,ТОВАР,СПОСОБ РАСЧЕТА,ПОЛНЫЙ РАСЧЕТ,МЕРА КОЛИЧЕСТВА ПР. РАСЧЕТА,кг,"КОРЕНОВСКОЕ Мол паст2,5% 900гф/п(КМКК):1",1,59.99,59.99,НДС 10%,ПРИЗНАК ПР. РАСЧЕТА,ТМ,СПОСОБ РАСЧЕТА,ПОЛНЫЙ РАСЧЕТ,РЕЗ. ПРОВ. СВЕД. О ТОВАРЕ,М+,МЕРА КОЛИЧЕСТВА ПР. РАСЧЕТА,шт. или ед.,КОД ТОВАРА,0104602358009672215>2=zW,ИТОГО:,458.30,НАЛИЧНЫМИ:,0.00,БЕЗНАЛИЧНЫМИ:,458.30,НДС 20%:,30.00,НДС 10%:,25.30,ОСН,N ККТ:,0002728757053750,N ФД:,21440,N ФН:,9960440302394074,ФП,0968701802,ЭЛ.АДР.ОТПРАВИТЕЛЯ:,ofd@magnit.ru,ЭЛ.АДР.ПОКУПАТЕЛЯ:,s4fin.dmitry@yandex.ru,"АО ""Тандер""",САЙТ ФНС:,www.nalog.gov.ru,Версия ФФД:,1.2,,,,,,,,,,,,,,,,,,,,,,,,,,,,,,,,,,,,,,,,,,,,,,,,,,,,,,,,,,,,,,,,,,,,,,,,,,,,,,,,,,,,,,,,,,,,,,,,,,,,,,,,,,,,
28,Чек,КАССОВЫЙ ЧЕК,ПРИХОД,ИНН 2310031475,"350000, Краснодарский край, Краснодар г, Северная ул, дом № 116",Магазин  Магнит  Парабола,15.08.2022 21:34,N: 312,СМЕНА: 194,КАССИР Продавец Исикова,НАИМ. ПР.,КОЛИЧ. ПР.,Ц. ЗА ЕД. ПР.,СУММА ПР.,"Бренди КВС ТМ КРЫМСКИЙ СТАТУС 40% 0,25л(Зав.П",1,179.99,179.99,НДС 20%,ПРИЗНАК ПР. РАСЧЕТА,ПОДАКЦИЗНЫЙ ТОВАР,СПОСОБ РАСЧЕТА,ПОЛНЫЙ РАСЧЕТ,МЕРА КОЛИЧЕСТВА ПР. РАСЧЕТА,шт. или ед.,КОД ТОВАРА,19830448765499,РОЯЛС Деми Классик Сигареты МРЦ125(БАТ):,1,125.00,125.00,НДС 20%,ПРИЗНАК ПР. РАСЧЕТА,АТМ,СПОСОБ РАСЧЕТА,ПОЛНЫЙ РАСЧЕТ,РЕЗ. ПРОВ. СВЕД. О ТОВАРЕ,М+,МЕРА КОЛИЧЕСТВА ПР. РАСЧЕТА,шт. или ед.,КОД ТОВАРА,010000004623339421.vce?25,ИТОГО:,304.99,НАЛИЧНЫМИ:,0.00,БЕЗНАЛИЧНЫМИ:,304.99,НДС 20%:,50.83,ОСН,N ККТ:,0005061237042668,N ФД:,52415,N ФН:,9960440301655107,ФП,1810915847,ЭЛ.АДР.ОТПРАВИТЕЛЯ:,ofd@magnit.ru,ЭЛ.АДР.ПОКУПАТЕЛЯ:,s4fin.dmitry@yandex.ru,"Акционерное общество ""Тандер""",САЙТ ФНС:,www.nalog.gov.ru,Версия ФФД:,1.2,,,,,,,,,,,,,,,,,,,,,,,,,,,,,,,,,,,,,,,,,,,,,,,,,,,,,,,,,,,,,,,,,,,,,,,,,,,,,,,,,,,,,,,,,,,,,,,,,,,,,,,,,,,,,,,,,,,,,,,,,,,,,,,,,,,,,,
